{
    "rmse": 0.6480280553080486,
    "mae": 0.00838218049366879,
    "r2": 0.6598184353897109
}