{
    "rmse": 0.6450005003235478,
    "mae": 0.013014969842177981,
    "r2": 0.6551462834843995
}